ID,cohabitation_duration_months,cat_age_months,proximity_median_rssi,sbt_circle_time_owner_baseline_sec,sbt_circle_time_owner_return_sec,sbt_circle_time_stranger_baseline_sec,sbt_circle_time_stranger_return_sec,owner_oxytocin,owner_cortisol_creatinine_corrected,cat_oxytocin,cat_cortisol_creatinine_corrected,poms_anger_hostility,poms_confusion_bewilderment,poms_depression_dejection,poms_fatigue_inertia,poms_tension_anxiety,poms_vigor_activity,poms_friendliness,poms_total_mood_disturbance
C01,23,25,-84,28.66666667,0,0,0,228.9364312,11.64698894,490.0020231,2.934628805,4,19,20,20,17,5,12,75
C02,57,77,-81,8.933333333,120,120,120,126.9581554,4.304235791,565.855402,2.005253931,6,4,2,3,6,11,13,10
C03,21,25,-83,0,10,0,0,126.9581554,4.304235791,482.9316148,2.114029159,6,4,2,3,6,11,13,10
C04,25,25,-83,33.4,22.23333333,3.8,0,88.26042664,1.806104572,1477.356717,3.727757645,12,9,9,14,11,3,6,52
C05,22,53,-83,67.46666667,120,71.96666667,54.43333333,20.91663599,0.749252041,907.0259547,3.46800484,2,3,1,7,3,11,15,5
C06,114,120,-85,5.433333333,10.13333333,0,0,196.529991,7.279778,,,4,14,18,16,16,0,3,68
C07,73,90,-77,0,62.8,0,0,196.5299911,7.279777727,1008.851141,3.300501709,4,14,18,16,16,0,3,68
C08,86,88,-80,0,25.4,13.9,6.2,196.529991,7.279778,,,4,14,18,16,16,0,3,68
C09,8,10,-84,0,4.733333333,0,9.366666667,196.5299911,7.279777727,508.6138046,4.432643993,4,14,18,16,16,0,3,68
C10,106,162,-59,8.333333333,14.63333333,0,0,69.96386259,3.68460124,252.0887083,1.601834156,10,9,5,8,9,16,8,25
C11,29,28,-82,0,0,0,0,82.83805437,2.971353724,342.5247337,2.779489059,1,9,6,8,9,4,7,29
C12,11,13,-79,0,0,0,0,82.83805437,2.971353724,1204.138101,2.968269363,1,9,6,8,9,4,7,29
C13,47,84,-81,0,0,0,0,329.6586176,7.006369109,569.7847371,3.318284453,0,4,3,12,12,8,12,23
C14,9,16,-85,0,0,0,0,15.46421103,2.04090369,783.161441,2.740421674,5,4,2,3,6,11,11,9
C15,9,16,-84,0,0,0,0,15.46421103,2.04090369,880.2160957,4.139157646,5,4,2,3,6,11,11,9
C16,4,9,-80,42.76666667,12.6,7.266666667,0,47.18600972,2.879129736,2989.213333,3.026333333,0,0,0,1,1,10,8,-8
C17,23,119,-80,20.633,32.201,3.234,22.9,43.41640045,3.6735,2232.423935,3.038136122,1,9,4,6,8,13,15,15
C18,9,11,-84,103.351,0,0,113.36,189.1524886,3.180333333,,,4,2,0,3,7,5,8,11
C19,5,7,-83,0,0,0,0,189.1524886,3.180333333,,,4,2,0,3,7,5,8,11
C20,26,29,-80,0,17.3,13.433,64.433,332.7002348,2.826,2308.385673,3.152333333,2,1,0,6,2,7,8,4
C21,5,8,-82,0,0,0,0,185.4176653,2.861,2015.335978,2.286006723,2,3,2,9,8,5,8,19
C22,25,27,-70,0,23.257,0,7.441,206.5007571,2.393,2103.666667,2.766137026,1,2,0,10,2,12,12,3
C23,25,27,-71,0,0,4.07,25.025,206.5007571,2.393,2004.12,4.581803313,1,2,0,10,2,12,12,3
C24,50,87,-78,21.855,9.81,13.614,12.313,274.1313579,1.297666667,3261.83,1.27275,4,2,4,5,9,7,8,17
C25,63,66,-83,0,0,0,0,389.4899625,3.582333333,1961.64,1.38,0,5,5,10,11,15,14,16
C26,73,74,-75,0,0,3.07,0,389.4899625,3.582333333,2695.72,1.719,0,5,5,10,11,15,14,16
C27,159,161,-81,0,0,0,0,249.6421335,3.439333333,,,5,10,8,5,8,5,9,31
C28,1,4,-83,31.665,4.838,69.336,32.499,399.4501869,3.525,2932.026667,2.006666667,1,1,0,5,2,3,11,6
C29,1,4,-85,132.966,140.407,92.026,156.323,399.4501869,3.525,3947.213333,2.14,1,1,0,5,2,3,11,6
